Gestion Local,C:\Proyectos Delphi\GestionComercial\Tablas IB\GESTIONV3.FDB
Hueche VPN,26.163.73.54:E:\bases\Gestion\Tablas IB\GESTIONV3.lar
Gestion Oficina,192.168.50.240:C:\Gestion\Tablas IB\GESTIONV3.LAR
Gestion Santa Rita Local,C:\Proyectos Delphi\Bases Clientes\SantaRita\GESTIONV3.LAR
Iskue,C:\Proyectos Delphi\Bases Clientes\Iskue\GESTIONV3.FDB
Gestion Master,C:\Proyectos Delphi\GestionComercial\Tablas IB\MASTER.FDB
Fonte Fabrica,192.168.65.30:C:\Bases\Gestion\Tablas IB\GESTIONV3.fdb
Cecarri Web,26.66.211.101:D:\GCecarriCopia\Tablas IB\GESTIONV3.LAR
Contable,localhost:C:\Proyectos Delphi\ContableFD\Tabla Ib\PGC.FDB
Los Horneros,loshorneros228.dynalias.com/3050:c:\gestionSA\tablas ib\gestionv3.lar
Cecagroup,26.66.211.101:D:\GCecaGroup\Tablas IB\GESTIONV3.LAR
NavalServ Web,26.163.73.54:e:\bases\gestionNavalServ\tablas ib\gestionv3.lar
Gestion Rioja,192.168.21.30:d:\bases\GestionTres\Tablas IB\GESTIONV3.LAR
Amanecer Iskue Colon,26.163.251.230:c:\gestion\tablas ib\gestionv3.fdb
Ciprian,C:\Proyectos Delphi\Bases Clientes\Cata\GESTIONV3.FDB
Gestion Unifrio,26.198.210.47:C:\Gestion\Tablas IB\GESTIONV3.FDB
Gestion Antupiren,192.168.21.30:d:\Bases\GestionAntupiren\gestionv3.fdb
Gestion Condor,26.125.247.137/3051:c:\Gestion\Tablas IB\gestionv3.lar
Mercado Nacional,C:\Proyectos Delphi\Bases Clientes\Fonte Alem\GESTIONV3.FDB
Salucla VPN,26.109.142.119:C:\Gestion\Tablas IB\GESTIONV3.lar
Gestion Antello,26.32.142.126:c:\Gestion\Tablas IB\gestionv3.fdb
Montenegro VPN ,26.13.142.161:c:\GestionManuel\Tablas IB\gestionv3.fdb
Mercado Foody,26.211.36.228:C:\GestionFoody\Tablas IB\GESTIONV3.LAR
Gestion Larrea,192.168.41.32/3051:e:\bases\GestionLarrea\Tablas IB\GESTIONV3.LAR
Gestion Martinez Julio,26.17.207.66:C:\Gestion\tablas ib\GESTIONV3.LAR
Gestion Modena,26.104.99.208:C:\Gestion\Tablas IB\GestionV3.FDB
Gestion Danfre,26.48.130.123:c:\Gestion\Tablas IB\GESTIONV3.LAR
Gestion Chanco Va,192.168.50.240:c:\Gestion ChanchoVa\Tablas IB\GESTIONV3.FDB
Santa Rita,26.174.9.228:C:\db\Tablas IB\GESTIONV3.lar
Muraco,C:\Proyectos Delphi\Bases Clientes\Muraco\GESTIONV3.LAR
WOrdClean,26.11.4.159:C:\Gestion\Tablas IB\GestionV3.fdb
Gestion Nouda,192.168.41.32/3051:e:\bases\Gestion\Tablas IB\GESTIONV3.LAR
Gestio Arias,C:\Proyectos Delphi\Bases Clientes\Arias\GestionV3.FDB
CostaMarketn,26.130.19.53:C:\Gestion\Tablas IB\GestionV3.fdb
Fonte Mitre,26.214.54.44/3051:C:\Datos\gestion\La Fonte\Gestion\Tablas IB\Gestionv3.LAR
PIli Servidor,26.89.49.55:c:\gestion\tablas ib\gestionv3.lar
Gestion El Trebol VPN,26.197.135.71:C:\gestion\tablas ib\gestionv3.fdb
Gestion Lostau,26.55.50.44:C:\gestion\tablas ib\gestionv3.fdb
Gestion Alfajores VPN,192.168.65.30:c:\bases\gestion\tablas ib\gestionv3.fdb
Gestion Alfajores Cordoba,192.168.65.30:c:\bases\Cordoba\tablas ib\gestionv3.lar
Fonte Op RIVA,26.214.54.44/3051:C:\Datos\gestion\OperadoraRiva\Gestion\Tablas IB\Gestionv3.LAR
Gestion Karel,192.168.65.30:C:\Bases\Karel\Tablas Ib\GESTIONV3.FDB
Master,C:\Proyectos Delphi\GestionComercial\Tablas IB\MASTER.FDB
Gestion Karel,192.168.65.30:C:\Bases\Karel\Tablas Ib\GESTIONV3.FDB
Gestion Condor,26.125.247.137/3051:C:\Gestion\Tablas Ib\GestionV3.lar
Gestion Loustau,26.55.50.44:\Gestion\Tablas IB\GestionV3.fdb
Aqua,26.6.174.180:c:\gestion\tablas ib\gestionv3.lar
Gestion Urk,26.80.237.37:c:\gestion\tablas ib\gestionv3.fdb
Parliamo VPN,C:\Proyectos Delphi\Bases Clientes\Dajil\GESTIONV3.FDB
Dajil,C:\Proyectos Delphi\Bases Clientes\Dajil\GESTIONV3.FDB
Alfa Seguridad,26.126.238.69:d:\gestion\tablas ib\gestionv3.fdb
Gestion Simona,26.167.248.124:c:\gestion\tablas ib\gestionv3.fdb
Gestion Marita ,26.53.81.79:c:\gestion\tablas ib\gestionv3.fdb
Gestion Pili ,26.89.49.55:c:\gestion\tablas ib\gestionv3.lar
Gestion Parrila Rino,26.39.143.94:C:\Gestion\Tablas IB\GESTIONV3.FDB
Gestion Modena,26.104.99.208:C:\Gestion\Tablas IB\GESTIONV3.FDB
Gestion Harinamar,26.57.98.192:c:\gestion\tablas ib\gestionv3.fdb
Gestion Sta Rita,26.174.9.228:C:\db\Tablas IB\gestionv3.lar
Gestion Meli,26.7.104.124:C:\Gestion\Tablas IB\GESTIONV3.FDB
Torres,26.147.26.117:c:\gestion\tablas ib\gestionv3.fdb
Gestion Amanecer,26.250.130.219:C:\Gestion\Tablas IB\GESTIONV3.FDB
Gestion Luguai,26.214.54.44/3051:c:\Datos\gestion\GestionLuguai\Tablas IB\Gestionv3.lar
Gestion ITZ,10.20.20.107:C:\Gestion\Tablas IB\GESTIONV3.lar
Gestion Dipadent,26.245.243.166:C:\GestionNuevo\Tablas IB\GESTIONV3.FDB
Starcel,26.214.54.44/3051:C:\Datos\gestion\Starcel\Gestion\Tablas IB\GestionV3.lar
Gestion Beach,26.33.232.252:C:\GestionAlba\Tablas Ib\gestionv3.fdb
Gestion Fonte Alem,26.178.59.27:C:\Gestion\Tablas IB\GestionV3.lar
Gestion Martinez Pablo,26.224.189.225:C:\Gestion\tablas ib\GESTIONV3.LAR
Gestion Gantus,26.39.87.105:C:\Gestion\tablas ib\GESTIONV3.fdb
Fonte Hotel,26.214.54.44/3051:C:\Datos\gestion\GranHotel\Gestion\Tablas IB\Gestionv3.fdb
Ochoa Web,26.188.219.100:C:\gestion\Tablas IB\Gestionv3.fdb
Fonte Mitre,26.214.54.44/3051:C:\Datos\gestion\StarcelInstalaciones\Gestion\Tablas IB\Gestionv3.LAR
Starcel Instalaciones,26.214.54.44/3051:C:\Datos\gestion\StarcelInstalaciones\Tablas Ib\GESTIONV3.LAR
Gestion Fito,26.232.50.4:C:\Gestion\Tablas Ib\GESTIONV3.FDB
Danfre,26.48.130.123:C:\Gestion\Tablas IB\GESTIONV3.LAR
Gestion Univeco,C:\Proyectos Delphi\Bases Clientes\Univeco\GESTIONV3.FDB
Gestion Noudal Local,C:\Proyectos Delphi\Bases Clientes\Noudal\GESTIONV3.FDB
Melucci,26.37.18.9:C:\Gestion\Tablas IB\GESTIONV3.fdb
Gestion Transporte CGK,26.66.211.101:D:\gestionTransporte\tablas ib\gestionv3.lar
Gestion Fabre VPN,192.168.75.30:c:\gestionSa\tablas ib\Gestionv3.fdb
Gestion Alfajores Cordoba,192.168.65.30:c:\bases\Cordoba\tablas ib\gestionv3.lar
Condor Colon,26.125.247.137/3051:C:\GestionColon\Tablas IB\GestionV3.FDB
Gestion Avicola,26.78.53.228:c:\gestion\tablas ib\gestionv3.fdb
Gestion fabiola,26.15.242.249:c:\gestion\tablas ib\gestionv3.lar
Gestion Fereton,26.197.31.18/3051:C:\Gestion\Tablas IB\GESTIONV3.FDB
Gestion Arrivamo,26.44.198.108:C:\GestionArriviamo\Tablas IB\GESTIONV3.FDB
Gestion Servilof,26.208.142.247:C:\Gestion\Tablas IB\GESTIONV3.FDB
Carnicos,26.140.92.66:C:\Gestion\Tablas IB\GESTIONV3.FDB
Gestion Marita,26.157.37.87:C:\gestion\Tablas IB\GESTIONV3.FDB
Gestion Lousteau Belgrano,26.193.71.169:C:\Gestion\Tablas IB\Gestionv3.fdb
Gestion Fonte Alem Local,C:\Proyectos Delphi\Bases Clientes\Fonte Alem\GESTIONV3.FDB
Gestion Spilover,26.60.146.200:C:\Gestion\tablas ib\GESTIONV3.fdb
Salucla Local,C:\Proyectos Delphi\Bases Clientes\Salucla\GESTIONV3.FDB
disqueria,D:\GESTIONV3.FDB
Gestion Univeco Local,C:\Proyectos Delphi\Bases Clientes\Univeco\GESTIONV3.FDB
4gomasvpn,26.222.30.53:C:\Gestion\Tablas IB\GESTIONV3.fdb
Cecarri Local,C:\Proyectos Delphi\Bases Clientes\Cecarri\GESTIONV3.LAR
Gestion Dmico,26.133.23.22:C:\Gestion\Tablas IB\GESTIONV3.FDB
Gestion Carnicos,26.140.92.66:c:\Gestion\Tablas IB\GestionV3.fdb
Gestion Larrea Local,C:\Proyectos Delphi\Bases Clientes\Larrea\GESTIONV3.FDB
